<toolSet name="External Tools">
  <tool name="black" showInMainMenu="false" showInEditor="false" showInProject="false" showInSearchPopup="false" disabled="false" useConsole="true" showConsoleOnStdOut="false" showConsoleOnStdErr="false" synchronizeAfterRun="true">
    <exec>
      <option name="COMMAND" value="$USER_HOME$/.cache/pypoetry/virtualenvs/kito-8UOwE6Px-py3.10/bin/black" />
      <option name="PARAMETERS" value="&quot;$FilePath$&quot;" />
      <option name="WORKING_DIRECTORY" />
    </exec>
  </tool>
  <tool name="isort" showInMainMenu="false" showInEditor="false" showInProject="false" showInSearchPopup="false" disabled="false" useConsole="true" showConsoleOnStdOut="false" showConsoleOnStdErr="false" synchronizeAfterRun="true">
    <exec>
      <option name="COMMAND" value="$USER_HOME$/.cache/pypoetry/virtualenvs/kito-8UOwE6Px-py3.10/bin/isort" />
      <option name="PARAMETERS" value="&quot;$FilePath$&quot;" />
      <option name="WORKING_DIRECTORY" />
    </exec>
  </tool>
</toolSet>